feature,importance_mean,importance_std
contract_type,0.09506050374289449,0.013298563972515602
late_payments_last_12m,0.039351840306187484,0.011201398984521382
satisfaction_score_1to5,0.03558491366170413,0.02506410807513989
tenure_months,0.033484404908698674,0.012248028837702762
support_calls_last_90d,0.026696263735653276,0.013682431012630052
internet_service,0.022655842956258842,0.010806927185138105
monthly_charges,0.018967511174403196,0.0099711249064525
paperless_billing,0.011846731185181703,0.007057742411322998
total_charges,0.00011829306480249935,7.24123085502754e-05
